{
  "eqn_config": {
    "_comment": "Allen-Cahn equation in PNAS paper doi.org/10.1073/pnas.1718942115",
    "eqn_name": "AllenCahn",
    "total_time": 0.3,
    "dim": 100,
    "num_time_interval": 20
  },
  "net_config": {
    "y_init_range": [0.3, 0.5],
    "num_hiddens": [110, 110],
    "lr_values": [5e-4, 5e-4],
    "lr_boundaries": [2000],
    "num_iterations": 4000,
    "batch_size": 64,
    "valid_size": 256,
    "logging_frequency": 100,
    "dtype": "float64",
    "verbose": true
  }
}
