{
  "eqn_config": {
    "_comment": "Multidimensional Burgers-type PDE in Comm. Math. Stat. doi.org/10.1007/s40304-017-0117-6",
    "eqn_name": "BurgersType",
    "total_time": 0.2,
    "dim": 50,
    "num_time_interval": 30
  },
  "net_config": {
    "y_init_range": [2, 4],
    "num_hiddens": [60, 60],
    "lr_values": [1e-2, 1e-3, 1e-4],
    "lr_boundaries": [15000, 25000],
    "num_iterations": 30000,
    "batch_size": 64,
    "valid_size": 256,
    "logging_frequency": 100,
    "dtype": "float64",
    "verbose": true
  }
}
